Workbook

Sheet Instrukcja
A1: Sprint wyboru produktu — jak używać arkusza
A3: 1. Dzień 1: arkusz D1_Rynek — wpisz dane z Allegro, Meta Ads Library, TikTok CC, Google Trends (żółte komórki).
A4: 2. Własne pomysły: najpierw Filtr_Wlasne, potem te same wiersze w D1.
A5: 3. Dzień 2: D2_Ekonomika — wpisz realny koszt towaru i dostawy (kol. H, I). M, maks. CPA i odrzucenia liczą się same.
A6: 4. Dzień 3: D3_Punktacja — oceny 1–5 i kryteria eliminujące. Status SHORTLISTA pojawi się sam.
A8: Kolory: niebieski tekst = wpisujesz; czarny = formuła; zielony = pobrane z innego arkusza; żółte tło = do wypełnienia/potwierdzenia.
A9: Definicja M: cena − towar − dostawa − (1,5% ceny + 0,40 zł) − 5% ceny. Maks. CPA = M.
A10: Budżet reklam liczony × 1,23 (VAT od importu usług) ⚠️ do weryfikacji z księgową.
A11: Wiersze 1–12 mają wstępne dane agenta (cena przyjęta i koszt) — to szacunki, służą jako przykład i do czasu wpisania realnych liczb.
A12: Przykład kontrolny z briefu: cena 129, towar 28, dostawa 15 → M ≈ 77 zł.

Sheet Zalozenia
A1: Założenia sprintu
A2: Niebieskie = wartości wejściowe (możesz zmienić). Żółte tło = do potwierdzenia.
A3: Data dzisiejsza (do wieku reklam): | B3: =TODAY()
A4: Parametr | B4: Wartość | C4: Źródło / uwaga
A5: Prowizja płatności % | B5: 0.015 | C5: Stripe ~1,5% (z briefu właściciela)
A6: Prowizja płatności stała (zł) | B6: 0.4 | C6: Stripe ~0,40 zł (z briefu właściciela)
A7: Rezerwa na zwroty % ceny | B7: 0.05 | C7: Definicja M z briefu
A8: Mnożnik VAT od reklam | B8: 1.23 | C8: ⚠️ import usług, VAT-UE — do weryfikacji z księgową
A9: Maks. udział towar+dostawa w cenie | B9: 0.35 | C9: Kryterium Marża / odrzucenie dzień 2
A10: Minimalne M (zł) | B10: 40 | C10: Odrzucenie dzień 2
A11: Budżet testu min (zł netto) | B11: 500 | C11: Brief
A12: Budżet testu max (zł netto) | B12: 1500 | C12: Brief
A13: Próg shortlisty (pkt) | B13: 45 | C13: Brief, maks. 65
A14: Limit działalności nierejestrowanej / kwartał (zł) | B14: 10800 | C14: ⚠️ 225% min. wynagrodzenia 2026 — do weryfikacji
A15: Cena min kryterium (zł) | B15: 60 | C15: Kryterium Cena
A16: Cena max kryterium (zł) | B16: 250 | C16: Kryterium Cena

Sheet D1_Rynek
A1: Dzień 1 — weryfikacja rynku
A2: Wypełniasz niebieskie kolumny. Pozycje #13–17 = własne pomysły (najpierw arkusz Filtr_Wlasne). Daty w formacie RRRR-MM-DD.
A4: # | B4: Kandydat | C4: Fraza PL (Allegro, Meta) | D4: Fraza EN (Meta) | E4: Allegro: cena min | F4: Allegro: mediana top 10 | G4: Allegro: cena max | H4: Allegro: liczba ofert | I4: Max „X osób kupiło” (1 oferta) | J4: Meta: aktywne reklamy | K4: Meta: najstarsza (data) | L4: Meta: najnowsza (data) | M4: Meta: wideo T/N | N4: Wiek najstarszej (mc) | O4: TikTok: filmy T/N | P4: Hook (pierwsze 3 s) | Q4: Trends: ↑ / → / ↓ | R4: Szczyt sezonu (miesiące) | S4: Sygnał nasycenia (auto) | T4: Uwagi
A5: 1 | B5: Rolkowa ostrzałka do noży z magnesem | C5: ostrzałka rolkowa; ostrzałka do noży magnetyczna | D5: rolling knife sharpener | N5: =IF(K5="","",(Zalozenia!$B$3-K5)/30.4) | S5: =IF(J5="","",IF(AND(J5>=10,N(N5)>6),"wypalony?",IF(AND(J5>0,N(L5)>0,(Zalozenia!$B$3-L5)<61),"świeże reklamy = trend?",IF(J5=0,"brak reklam — niszowy lub brak popytu","umiarkowany"))))
A6: 2 | B6: Zestaw do wędzenia koktajli (bez prądu) | C6: wędzarka do koktajli; zestaw do wędzenia drinków | D6: cocktail smoker kit | N6: =IF(K6="","",(Zalozenia!$B$3-K6)/30.4) | S6: =IF(J6="","",IF(AND(J6>=10,N(N6)>6),"wypalony?",IF(AND(J6>0,N(L6)>0,(Zalozenia!$B$3-L6)<61),"świeże reklamy = trend?",IF(J6=0,"brak reklam — niszowy lub brak popytu","umiarkowany"))))
A7: 3 | B7: Steel tongue drum 12–13" | C7: tongue drum; bęben językowy | D7: steel tongue drum | N7: =IF(K7="","",(Zalozenia!$B$3-K7)/30.4) | S7: =IF(J7="","",IF(AND(J7>=10,N(N7)>6),"wypalony?",IF(AND(J7>0,N(L7)>0,(Zalozenia!$B$3-L7)<61),"świeże reklamy = trend?",IF(J7=0,"brak reklam — niszowy lub brak popytu","umiarkowany"))))
A8: 4 | B8: Plakat-zdrapka „100 randek” | C8: zdrapka 100 randek; plakat zdrapka dla par | D8: 100 dates scratch off poster | N8: =IF(K8="","",(Zalozenia!$B$3-K8)/30.4) | S8: =IF(J8="","",IF(AND(J8>=10,N(N8)>6),"wypalony?",IF(AND(J8>0,N(L8)>0,(Zalozenia!$B$3-L8)<61),"świeże reklamy = trend?",IF(J8=0,"brak reklam — niszowy lub brak popytu","umiarkowany"))))
A9: 5 | B9: Drewniany model mechaniczny 3D | C9: drewniane puzzle 3D mechaniczne; model mechaniczny drewniany | D9: wooden mechanical puzzle; 3D wooden model kit | N9: =IF(K9="","",(Zalozenia!$B$3-K9)/30.4) | S9: =IF(J9="","",IF(AND(J9>=10,N(N9)>6),"wypalony?",IF(AND(J9>0,N(L9)>0,(Zalozenia!$B$3-L9)<61),"świeże reklamy = trend?",IF(J9=0,"brak reklam — niszowy lub brak popytu","umiarkowany"))))
A10: 6 | B10: Hamak ochronny dla psa do auta | C10: mata ochronna dla psa do auta; hamak dla psa samochód | D10: dog car seat hammock | N10: =IF(K10="","",(Zalozenia!$B$3-K10)/30.4) | S10: =IF(J10="","",IF(AND(J10>=10,N(N10)>6),"wypalony?",IF(AND(J10>0,N(L10)>0,(Zalozenia!$B$3-L10)<61),"świeże reklamy = trend?",IF(J10=0,"brak reklam — niszowy lub brak popytu","umiarkowany"))))
A11: 7 | B11: Mata węchowa XXL dla psa | C11: mata węchowa dla psa; mata węchowa duża | D11: snuffle mat | N11: =IF(K11="","",(Zalozenia!$B$3-K11)/30.4) | S11: =IF(J11="","",IF(AND(J11>=10,N(N11)>6),"wypalony?",IF(AND(J11>0,N(L11)>0,(Zalozenia!$B$3-L11)<61),"świeże reklamy = trend?",IF(J11=0,"brak reklam — niszowy lub brak popytu","umiarkowany"))))
A12: 8 | B12: Wałek stoper przeciągów, 2 szt. | C12: wałek przeciw przeciągom; uszczelka pod drzwi wałek | D12: draft stopper | N12: =IF(K12="","",(Zalozenia!$B$3-K12)/30.4) | S12: =IF(J12="","",IF(AND(J12>=10,N(N12)>6),"wypalony?",IF(AND(J12>0,N(L12)>0,(Zalozenia!$B$3-L12)<61),"świeże reklamy = trend?",IF(J12=0,"brak reklam — niszowy lub brak popytu","umiarkowany"))))
A13: 9 | B13: Organizer XXL do bagażnika | C13: organizer do bagażnika; organizer bagażnik składany | D13: trunk organizer | N13: =IF(K13="","",(Zalozenia!$B$3-K13)/30.4) | S13: =IF(J13="","",IF(AND(J13>=10,N(N13)>6),"wypalony?",IF(AND(J13>0,N(L13)>0,(Zalozenia!$B$3-L13)<61),"świeże reklamy = trend?",IF(J13=0,"brak reklam — niszowy lub brak popytu","umiarkowany"))))
A14: 10 | B14: Duży obraz z ruchomym piaskiem | C14: obraz z ruchomym piaskiem; piaskowy obraz 3D | D14: moving sand art | N14: =IF(K14="","",(Zalozenia!$B$3-K14)/30.4) | S14: =IF(J14="","",IF(AND(J14>=10,N(N14)>6),"wypalony?",IF(AND(J14>0,N(L14)>0,(Zalozenia!$B$3-L14)<61),"świeże reklamy = trend?",IF(J14=0,"brak reklam — niszowy lub brak popytu","umiarkowany"))))
A15: 11 | B15: Kalimba 17 klawiszy | C15: kalimba 17; kalimba | D15: kalimba 17 keys | N15: =IF(K15="","",(Zalozenia!$B$3-K15)/30.4) | S15: =IF(J15="","",IF(AND(J15>=10,N(N15)>6),"wypalony?",IF(AND(J15>0,N(L15)>0,(Zalozenia!$B$3-L15)<61),"świeże reklamy = trend?",IF(J15=0,"brak reklam — niszowy lub brak popytu","umiarkowany"))))
A16: 12 | B16: Zestaw do kiszenia (słoiki z zaworem) | C16: zestaw do kiszenia; pokrywka do fermentacji | D16: fermentation kit | N16: =IF(K16="","",(Zalozenia!$B$3-K16)/30.4) | S16: =IF(J16="","",IF(AND(J16>=10,N(N16)>6),"wypalony?",IF(AND(J16>0,N(L16)>0,(Zalozenia!$B$3-L16)<61),"świeże reklamy = trend?",IF(J16=0,"brak reklam — niszowy lub brak popytu","umiarkowany"))))
A17: 13 | B17: =IF(Filtr_Wlasne!B17="","(własny pomysł)",Filtr_Wlasne!B17) | N17: =IF(K17="","",(Zalozenia!$B$3-K17)/30.4) | S17: =IF(J17="","",IF(AND(J17>=10,N(N17)>6),"wypalony?",IF(AND(J17>0,N(L17)>0,(Zalozenia!$B$3-L17)<61),"świeże reklamy = trend?",IF(J17=0,"brak reklam — niszowy lub brak popytu","umiarkowany"))))
A18: 14 | B18: =IF(Filtr_Wlasne!B18="","(własny pomysł)",Filtr_Wlasne!B18) | N18: =IF(K18="","",(Zalozenia!$B$3-K18)/30.4) | S18: =IF(J18="","",IF(AND(J18>=10,N(N18)>6),"wypalony?",IF(AND(J18>0,N(L18)>0,(Zalozenia!$B$3-L18)<61),"świeże reklamy = trend?",IF(J18=0,"brak reklam — niszowy lub brak popytu","umiarkowany"))))
A19: 15 | B19: =IF(Filtr_Wlasne!B19="","(własny pomysł)",Filtr_Wlasne!B19) | N19: =IF(K19="","",(Zalozenia!$B$3-K19)/30.4) | S19: =IF(J19="","",IF(AND(J19>=10,N(N19)>6),"wypalony?",IF(AND(J19>0,N(L19)>0,(Zalozenia!$B$3-L19)<61),"świeże reklamy = trend?",IF(J19=0,"brak reklam — niszowy lub brak popytu","umiarkowany"))))
A20: 16 | B20: =IF(Filtr_Wlasne!B20="","(własny pomysł)",Filtr_Wlasne!B20) | N20: =IF(K20="","",(Zalozenia!$B$3-K20)/30.4) | S20: =IF(J20="","",IF(AND(J20>=10,N(N20)>6),"wypalony?",IF(AND(J20>0,N(L20)>0,(Zalozenia!$B$3-L20)<61),"świeże reklamy = trend?",IF(J20=0,"brak reklam — niszowy lub brak popytu","umiarkowany"))))
A21: 17 | B21: =IF(Filtr_Wlasne!B21="","(własny pomysł)",Filtr_Wlasne!B21) | N21: =IF(K21="","",(Zalozenia!$B$3-K21)/30.4) | S21: =IF(J21="","",IF(AND(J21>=10,N(N21)>6),"wypalony?",IF(AND(J21>0,N(L21)>0,(Zalozenia!$B$3-L21)<61),"świeże reklamy = trend?",IF(J21=0,"brak reklam — niszowy lub brak popytu","umiarkowany"))))

Sheet D2_Ekonomika
A1: Dzień 2 — dostawca i ekonomika (M, maks. CPA)
A2: Cena sprzedaży: jeśli wpiszesz własną (kol. D) — liczy się ona; inaczej mediana z D1; inaczej cena przyjęta przez agenta. Koszty agenta = szacunek.
A4: # | B4: Kandydat | C4: Cena przyjęta przez agenta (szac.) | D4: Moja cena sprzedaży | E4: Cena użyta | F4: Źródło ceny | G4: Towar + dostawa agent (szac.) | H4: Towar (realnie) | I4: Dostawa do PL (realnie) | J4: Koszt użyty | K4: Źródło kosztu | L4: Dostawca (CJ/AE/inny) | M4: Magazyn UE T/N | N4: Czas dostawy (dni) | O4: CE/EN71/GPSR potwierdzone T/N | P4: Prowizja płatności | Q4: Rezerwa zwrotów | R4: M (zł) | S4: Udział towar+dostawa | T4: Maks. CPA (= M) | U4: Zamówień na break-even przy 500 zł (z VAT) | V4: Zamówień na break-even przy 1500 zł (z VAT) | W4: Zamówień / kwartał do limitu dz. nierej. | X4: Wynik dnia 2 (auto)
A5: 1 | B5: =D1_Rynek!B5 | C5: 139.99 | E5: =IF(D5<>"",D5,IF(D1_Rynek!F5<>"",D1_Rynek!F5,IF(C5<>"",C5,""))) | F5: =IF(D5<>"","moja",IF(D1_Rynek!F5<>"","mediana Allegro",IF(C5<>"","agent (szac.)",""))) | G5: 40 | J5: =IF(AND(H5<>"",I5<>""),H5+I5,IF(G5<>"",G5,"")) | K5: =IF(AND(H5<>"",I5<>""),"realny",IF(G5<>"","agent (szac.)","")) | P5: =IF(E5="","",E5*Zalozenia!$B$5+Zalozenia!$B$6) | Q5: =IF(E5="","",E5*Zalozenia!$B$7) | R5: =IF(OR(E5="",J5=""),"",E5-J5-P5-Q5) | S5: =IF(OR(E5="",J5=""),"",J5/E5) | T5: =R5 | U5: =IF(N(R5)<=0,"",Zalozenia!$B$11*Zalozenia!$B$8/R5) | V5: =IF(N(R5)<=0,"",Zalozenia!$B$12*Zalozenia!$B$8/R5) | W5: =IF(N(E5)<=0,"",INT(Zalozenia!$B$14/E5)) | X5: =IF(R5="","",IF(R5<Zalozenia!$B$10,"ODRZUĆ: M < min",IF(S5>Zalozenia!$B$9,"ODRZUĆ: udział > próg",IF(K5="agent (szac.)","OK wstępnie — koszt to szacunek","OK"))))
A6: 2 | B6: =D1_Rynek!B6 | C6: 119 | E6: =IF(D6<>"",D6,IF(D1_Rynek!F6<>"",D1_Rynek!F6,IF(C6<>"",C6,""))) | F6: =IF(D6<>"","moja",IF(D1_Rynek!F6<>"","mediana Allegro",IF(C6<>"","agent (szac.)",""))) | G6: 35 | J6: =IF(AND(H6<>"",I6<>""),H6+I6,IF(G6<>"",G6,"")) | K6: =IF(AND(H6<>"",I6<>""),"realny",IF(G6<>"","agent (szac.)","")) | P6: =IF(E6="","",E6*Zalozenia!$B$5+Zalozenia!$B$6) | Q6: =IF(E6="","",E6*Zalozenia!$B$7) | R6: =IF(OR(E6="",J6=""),"",E6-J6-P6-Q6) | S6: =IF(OR(E6="",J6=""),"",J6/E6) | T6: =R6 | U6: =IF(N(R6)<=0,"",Zalozenia!$B$11*Zalozenia!$B$8/R6) | V6: =IF(N(R6)<=0,"",Zalozenia!$B$12*Zalozenia!$B$8/R6) | W6: =IF(N(E6)<=0,"",INT(Zalozenia!$B$14/E6)) | X6: =IF(R6="","",IF(R6<Zalozenia!$B$10,"ODRZUĆ: M < min",IF(S6>Zalozenia!$B$9,"ODRZUĆ: udział > próg",IF(K6="agent (szac.)","OK wstępnie — koszt to szacunek","OK"))))
A7: 3 | B7: =D1_Rynek!B7 | C7: 159 | E7: =IF(D7<>"",D7,IF(D1_Rynek!F7<>"",D1_Rynek!F7,IF(C7<>"",C7,""))) | F7: =IF(D7<>"","moja",IF(D1_Rynek!F7<>"","mediana Allegro",IF(C7<>"","agent (szac.)",""))) | G7: 60 | J7: =IF(AND(H7<>"",I7<>""),H7+I7,IF(G7<>"",G7,"")) | K7: =IF(AND(H7<>"",I7<>""),"realny",IF(G7<>"","agent (szac.)","")) | P7: =IF(E7="","",E7*Zalozenia!$B$5+Zalozenia!$B$6) | Q7: =IF(E7="","",E7*Zalozenia!$B$7) | R7: =IF(OR(E7="",J7=""),"",E7-J7-P7-Q7) | S7: =IF(OR(E7="",J7=""),"",J7/E7) | T7: =R7 | U7: =IF(N(R7)<=0,"",Zalozenia!$B$11*Zalozenia!$B$8/R7) | V7: =IF(N(R7)<=0,"",Zalozenia!$B$12*Zalozenia!$B$8/R7) | W7: =IF(N(E7)<=0,"",INT(Zalozenia!$B$14/E7)) | X7: =IF(R7="","",IF(R7<Zalozenia!$B$10,"ODRZUĆ: M < min",IF(S7>Zalozenia!$B$9,"ODRZUĆ: udział > próg",IF(K7="agent (szac.)","OK wstępnie — koszt to szacunek","OK"))))
A8: 4 | B8: =D1_Rynek!B8 | C8: 99 | E8: =IF(D8<>"",D8,IF(D1_Rynek!F8<>"",D1_Rynek!F8,IF(C8<>"",C8,""))) | F8: =IF(D8<>"","moja",IF(D1_Rynek!F8<>"","mediana Allegro",IF(C8<>"","agent (szac.)",""))) | G8: 22 | J8: =IF(AND(H8<>"",I8<>""),H8+I8,IF(G8<>"",G8,"")) | K8: =IF(AND(H8<>"",I8<>""),"realny",IF(G8<>"","agent (szac.)","")) | P8: =IF(E8="","",E8*Zalozenia!$B$5+Zalozenia!$B$6) | Q8: =IF(E8="","",E8*Zalozenia!$B$7) | R8: =IF(OR(E8="",J8=""),"",E8-J8-P8-Q8) | S8: =IF(OR(E8="",J8=""),"",J8/E8) | T8: =R8 | U8: =IF(N(R8)<=0,"",Zalozenia!$B$11*Zalozenia!$B$8/R8) | V8: =IF(N(R8)<=0,"",Zalozenia!$B$12*Zalozenia!$B$8/R8) | W8: =IF(N(E8)<=0,"",INT(Zalozenia!$B$14/E8)) | X8: =IF(R8="","",IF(R8<Zalozenia!$B$10,"ODRZUĆ: M < min",IF(S8>Zalozenia!$B$9,"ODRZUĆ: udział > próg",IF(K8="agent (szac.)","OK wstępnie — koszt to szacunek","OK"))))
A9: 5 | B9: =D1_Rynek!B9 | C9: 149 | E9: =IF(D9<>"",D9,IF(D1_Rynek!F9<>"",D1_Rynek!F9,IF(C9<>"",C9,""))) | F9: =IF(D9<>"","moja",IF(D1_Rynek!F9<>"","mediana Allegro",IF(C9<>"","agent (szac.)",""))) | G9: 50 | J9: =IF(AND(H9<>"",I9<>""),H9+I9,IF(G9<>"",G9,"")) | K9: =IF(AND(H9<>"",I9<>""),"realny",IF(G9<>"","agent (szac.)","")) | P9: =IF(E9="","",E9*Zalozenia!$B$5+Zalozenia!$B$6) | Q9: =IF(E9="","",E9*Zalozenia!$B$7) | R9: =IF(OR(E9="",J9=""),"",E9-J9-P9-Q9) | S9: =IF(OR(E9="",J9=""),"",J9/E9) | T9: =R9 | U9: =IF(N(R9)<=0,"",Zalozenia!$B$11*Zalozenia!$B$8/R9) | V9: =IF(N(R9)<=0,"",Zalozenia!$B$12*Zalozenia!$B$8/R9) | W9: =IF(N(E9)<=0,"",INT(Zalozenia!$B$14/E9)) | X9: =IF(R9="","",IF(R9<Zalozenia!$B$10,"ODRZUĆ: M < min",IF(S9>Zalozenia!$B$9,"ODRZUĆ: udział > próg",IF(K9="agent (szac.)","OK wstępnie — koszt to szacunek","OK"))))
A10: 6 | B10: =D1_Rynek!B10 | C10: 129 | E10: =IF(D10<>"",D10,IF(D1_Rynek!F10<>"",D1_Rynek!F10,IF(C10<>"",C10,""))) | F10: =IF(D10<>"","moja",IF(D1_Rynek!F10<>"","mediana Allegro",IF(C10<>"","agent (szac.)",""))) | G10: 45 | J10: =IF(AND(H10<>"",I10<>""),H10+I10,IF(G10<>"",G10,"")) | K10: =IF(AND(H10<>"",I10<>""),"realny",IF(G10<>"","agent (szac.)","")) | P10: =IF(E10="","",E10*Zalozenia!$B$5+Zalozenia!$B$6) | Q10: =IF(E10="","",E10*Zalozenia!$B$7) | R10: =IF(OR(E10="",J10=""),"",E10-J10-P10-Q10) | S10: =IF(OR(E10="",J10=""),"",J10/E10) | T10: =R10 | U10: =IF(N(R10)<=0,"",Zalozenia!$B$11*Zalozenia!$B$8/R10) | V10: =IF(N(R10)<=0,"",Zalozenia!$B$12*Zalozenia!$B$8/R10) | W10: =IF(N(E10)<=0,"",INT(Zalozenia!$B$14/E10)) | X10: =IF(R10="","",IF(R10<Zalozenia!$B$10,"ODRZUĆ: M < min",IF(S10>Zalozenia!$B$9,"ODRZUĆ: udział > próg",IF(K10="agent (szac.)","OK wstępnie — koszt to szacunek","OK"))))
A11: 7 | B11: =D1_Rynek!B11 | C11: 89 | E11: =IF(D11<>"",D11,IF(D1_Rynek!F11<>"",D1_Rynek!F11,IF(C11<>"",C11,""))) | F11: =IF(D11<>"","moja",IF(D1_Rynek!F11<>"","mediana Allegro",IF(C11<>"","agent (szac.)",""))) | G11: 25 | J11: =IF(AND(H11<>"",I11<>""),H11+I11,IF(G11<>"",G11,"")) | K11: =IF(AND(H11<>"",I11<>""),"realny",IF(G11<>"","agent (szac.)","")) | P11: =IF(E11="","",E11*Zalozenia!$B$5+Zalozenia!$B$6) | Q11: =IF(E11="","",E11*Zalozenia!$B$7) | R11: =IF(OR(E11="",J11=""),"",E11-J11-P11-Q11) | S11: =IF(OR(E11="",J11=""),"",J11/E11) | T11: =R11 | U11: =IF(N(R11)<=0,"",Zalozenia!$B$11*Zalozenia!$B$8/R11) | V11: =IF(N(R11)<=0,"",Zalozenia!$B$12*Zalozenia!$B$8/R11) | W11: =IF(N(E11)<=0,"",INT(Zalozenia!$B$14/E11)) | X11: =IF(R11="","",IF(R11<Zalozenia!$B$10,"ODRZUĆ: M < min",IF(S11>Zalozenia!$B$9,"ODRZUĆ: udział > próg",IF(K11="agent (szac.)","OK wstępnie — koszt to szacunek","OK"))))
A12: 8 | B12: =D1_Rynek!B12 | C12: 69 | E12: =IF(D12<>"",D12,IF(D1_Rynek!F12<>"",D1_Rynek!F12,IF(C12<>"",C12,""))) | F12: =IF(D12<>"","moja",IF(D1_Rynek!F12<>"","mediana Allegro",IF(C12<>"","agent (szac.)",""))) | G12: 20 | J12: =IF(AND(H12<>"",I12<>""),H12+I12,IF(G12<>"",G12,"")) | K12: =IF(AND(H12<>"",I12<>""),"realny",IF(G12<>"","agent (szac.)","")) | P12: =IF(E12="","",E12*Zalozenia!$B$5+Zalozenia!$B$6) | Q12: =IF(E12="","",E12*Zalozenia!$B$7) | R12: =IF(OR(E12="",J12=""),"",E12-J12-P12-Q12) | S12: =IF(OR(E12="",J12=""),"",J12/E12) | T12: =R12 | U12: =IF(N(R12)<=0,"",Zalozenia!$B$11*Zalozenia!$B$8/R12) | V12: =IF(N(R12)<=0,"",Zalozenia!$B$12*Zalozenia!$B$8/R12) | W12: =IF(N(E12)<=0,"",INT(Zalozenia!$B$14/E12)) | X12: =IF(R12="","",IF(R12<Zalozenia!$B$10,"ODRZUĆ: M < min",IF(S12>Zalozenia!$B$9,"ODRZUĆ: udział > próg",IF(K12="agent (szac.)","OK wstępnie — koszt to szacunek","OK"))))
A13: 9 | B13: =D1_Rynek!B13 | C13: 119 | E13: =IF(D13<>"",D13,IF(D1_Rynek!F13<>"",D1_Rynek!F13,IF(C13<>"",C13,""))) | F13: =IF(D13<>"","moja",IF(D1_Rynek!F13<>"","mediana Allegro",IF(C13<>"","agent (szac.)",""))) | G13: 40 | J13: =IF(AND(H13<>"",I13<>""),H13+I13,IF(G13<>"",G13,"")) | K13: =IF(AND(H13<>"",I13<>""),"realny",IF(G13<>"","agent (szac.)","")) | P13: =IF(E13="","",E13*Zalozenia!$B$5+Zalozenia!$B$6) | Q13: =IF(E13="","",E13*Zalozenia!$B$7) | R13: =IF(OR(E13="",J13=""),"",E13-J13-P13-Q13) | S13: =IF(OR(E13="",J13=""),"",J13/E13) | T13: =R13 | U13: =IF(N(R13)<=0,"",Zalozenia!$B$11*Zalozenia!$B$8/R13) | V13: =IF(N(R13)<=0,"",Zalozenia!$B$12*Zalozenia!$B$8/R13) | W13: =IF(N(E13)<=0,"",INT(Zalozenia!$B$14/E13)) | X13: =IF(R13="","",IF(R13<Zalozenia!$B$10,"ODRZUĆ: M < min",IF(S13>Zalozenia!$B$9,"ODRZUĆ: udział > próg",IF(K13="agent (szac.)","OK wstępnie — koszt to szacunek","OK"))))
A14: 10 | B14: =D1_Rynek!B14 | C14: 89 | E14: =IF(D14<>"",D14,IF(D1_Rynek!F14<>"",D1_Rynek!F14,IF(C14<>"",C14,""))) | F14: =IF(D14<>"","moja",IF(D1_Rynek!F14<>"","mediana Allegro",IF(C14<>"","agent (szac.)",""))) | G14: 30 | J14: =IF(AND(H14<>"",I14<>""),H14+I14,IF(G14<>"",G14,"")) | K14: =IF(AND(H14<>"",I14<>""),"realny",IF(G14<>"","agent (szac.)","")) | P14: =IF(E14="","",E14*Zalozenia!$B$5+Zalozenia!$B$6) | Q14: =IF(E14="","",E14*Zalozenia!$B$7) | R14: =IF(OR(E14="",J14=""),"",E14-J14-P14-Q14) | S14: =IF(OR(E14="",J14=""),"",J14/E14) | T14: =R14 | U14: =IF(N(R14)<=0,"",Zalozenia!$B$11*Zalozenia!$B$8/R14) | V14: =IF(N(R14)<=0,"",Zalozenia!$B$12*Zalozenia!$B$8/R14) | W14: =IF(N(E14)<=0,"",INT(Zalozenia!$B$14/E14)) | X14: =IF(R14="","",IF(R14<Zalozenia!$B$10,"ODRZUĆ: M < min",IF(S14>Zalozenia!$B$9,"ODRZUĆ: udział > próg",IF(K14="agent (szac.)","OK wstępnie — koszt to szacunek","OK"))))
A15: 11 | B15: =D1_Rynek!B15 | C15: 79 | E15: =IF(D15<>"",D15,IF(D1_Rynek!F15<>"",D1_Rynek!F15,IF(C15<>"",C15,""))) | F15: =IF(D15<>"","moja",IF(D1_Rynek!F15<>"","mediana Allegro",IF(C15<>"","agent (szac.)",""))) | G15: 22 | J15: =IF(AND(H15<>"",I15<>""),H15+I15,IF(G15<>"",G15,"")) | K15: =IF(AND(H15<>"",I15<>""),"realny",IF(G15<>"","agent (szac.)","")) | P15: =IF(E15="","",E15*Zalozenia!$B$5+Zalozenia!$B$6) | Q15: =IF(E15="","",E15*Zalozenia!$B$7) | R15: =IF(OR(E15="",J15=""),"",E15-J15-P15-Q15) | S15: =IF(OR(E15="",J15=""),"",J15/E15) | T15: =R15 | U15: =IF(N(R15)<=0,"",Zalozenia!$B$11*Zalozenia!$B$8/R15) | V15: =IF(N(R15)<=0,"",Zalozenia!$B$12*Zalozenia!$B$8/R15) | W15: =IF(N(E15)<=0,"",INT(Zalozenia!$B$14/E15)) | X15: =IF(R15="","",IF(R15<Zalozenia!$B$10,"ODRZUĆ: M < min",IF(S15>Zalozenia!$B$9,"ODRZUĆ: udział > próg",IF(K15="agent (szac.)","OK wstępnie — koszt to szacunek","OK"))))
A16: 12 | B16: =D1_Rynek!B16 | C16: 89 | E16: =IF(D16<>"",D16,IF(D1_Rynek!F16<>"",D1_Rynek!F16,IF(C16<>"",C16,""))) | F16: =IF(D16<>"","moja",IF(D1_Rynek!F16<>"","mediana Allegro",IF(C16<>"","agent (szac.)",""))) | G16: 35 | J16: =IF(AND(H16<>"",I16<>""),H16+I16,IF(G16<>"",G16,"")) | K16: =IF(AND(H16<>"",I16<>""),"realny",IF(G16<>"","agent (szac.)","")) | P16: =IF(E16="","",E16*Zalozenia!$B$5+Zalozenia!$B$6) | Q16: =IF(E16="","",E16*Zalozenia!$B$7) | R16: =IF(OR(E16="",J16=""),"",E16-J16-P16-Q16) | S16: =IF(OR(E16="",J16=""),"",J16/E16) | T16: =R16 | U16: =IF(N(R16)<=0,"",Zalozenia!$B$11*Zalozenia!$B$8/R16) | V16: =IF(N(R16)<=0,"",Zalozenia!$B$12*Zalozenia!$B$8/R16) | W16: =IF(N(E16)<=0,"",INT(Zalozenia!$B$14/E16)) | X16: =IF(R16="","",IF(R16<Zalozenia!$B$10,"ODRZUĆ: M < min",IF(S16>Zalozenia!$B$9,"ODRZUĆ: udział > próg",IF(K16="agent (szac.)","OK wstępnie — koszt to szacunek","OK"))))
A17: 13 | B17: =D1_Rynek!B17 | E17: =IF(D17<>"",D17,IF(D1_Rynek!F17<>"",D1_Rynek!F17,IF(C17<>"",C17,""))) | F17: =IF(D17<>"","moja",IF(D1_Rynek!F17<>"","mediana Allegro",IF(C17<>"","agent (szac.)",""))) | J17: =IF(AND(H17<>"",I17<>""),H17+I17,IF(G17<>"",G17,"")) | K17: =IF(AND(H17<>"",I17<>""),"realny",IF(G17<>"","agent (szac.)","")) | P17: =IF(E17="","",E17*Zalozenia!$B$5+Zalozenia!$B$6) | Q17: =IF(E17="","",E17*Zalozenia!$B$7) | R17: =IF(OR(E17="",J17=""),"",E17-J17-P17-Q17) | S17: =IF(OR(E17="",J17=""),"",J17/E17) | T17: =R17 | U17: =IF(N(R17)<=0,"",Zalozenia!$B$11*Zalozenia!$B$8/R17) | V17: =IF(N(R17)<=0,"",Zalozenia!$B$12*Zalozenia!$B$8/R17) | W17: =IF(N(E17)<=0,"",INT(Zalozenia!$B$14/E17)) | X17: =IF(R17="","",IF(R17<Zalozenia!$B$10,"ODRZUĆ: M < min",IF(S17>Zalozenia!$B$9,"ODRZUĆ: udział > próg",IF(K17="agent (szac.)","OK wstępnie — koszt to szacunek","OK"))))
A18: 14 | B18: =D1_Rynek!B18 | E18: =IF(D18<>"",D18,IF(D1_Rynek!F18<>"",D1_Rynek!F18,IF(C18<>"",C18,""))) | F18: =IF(D18<>"","moja",IF(D1_Rynek!F18<>"","mediana Allegro",IF(C18<>"","agent (szac.)",""))) | J18: =IF(AND(H18<>"",I18<>""),H18+I18,IF(G18<>"",G18,"")) | K18: =IF(AND(H18<>"",I18<>""),"realny",IF(G18<>"","agent (szac.)","")) | P18: =IF(E18="","",E18*Zalozenia!$B$5+Zalozenia!$B$6) | Q18: =IF(E18="","",E18*Zalozenia!$B$7) | R18: =IF(OR(E18="",J18=""),"",E18-J18-P18-Q18) | S18: =IF(OR(E18="",J18=""),"",J18/E18) | T18: =R18 | U18: =IF(N(R18)<=0,"",Zalozenia!$B$11*Zalozenia!$B$8/R18) | V18: =IF(N(R18)<=0,"",Zalozenia!$B$12*Zalozenia!$B$8/R18) | W18: =IF(N(E18)<=0,"",INT(Zalozenia!$B$14/E18)) | X18: =IF(R18="","",IF(R18<Zalozenia!$B$10,"ODRZUĆ: M < min",IF(S18>Zalozenia!$B$9,"ODRZUĆ: udział > próg",IF(K18="agent (szac.)","OK wstępnie — koszt to szacunek","OK"))))
A19: 15 | B19: =D1_Rynek!B19 | E19: =IF(D19<>"",D19,IF(D1_Rynek!F19<>"",D1_Rynek!F19,IF(C19<>"",C19,""))) | F19: =IF(D19<>"","moja",IF(D1_Rynek!F19<>"","mediana Allegro",IF(C19<>"","agent (szac.)",""))) | J19: =IF(AND(H19<>"",I19<>""),H19+I19,IF(G19<>"",G19,"")) | K19: =IF(AND(H19<>"",I19<>""),"realny",IF(G19<>"","agent (szac.)","")) | P19: =IF(E19="","",E19*Zalozenia!$B$5+Zalozenia!$B$6) | Q19: =IF(E19="","",E19*Zalozenia!$B$7) | R19: =IF(OR(E19="",J19=""),"",E19-J19-P19-Q19) | S19: =IF(OR(E19="",J19=""),"",J19/E19) | T19: =R19 | U19: =IF(N(R19)<=0,"",Zalozenia!$B$11*Zalozenia!$B$8/R19) | V19: =IF(N(R19)<=0,"",Zalozenia!$B$12*Zalozenia!$B$8/R19) | W19: =IF(N(E19)<=0,"",INT(Zalozenia!$B$14/E19)) | X19: =IF(R19="","",IF(R19<Zalozenia!$B$10,"ODRZUĆ: M < min",IF(S19>Zalozenia!$B$9,"ODRZUĆ: udział > próg",IF(K19="agent (szac.)","OK wstępnie — koszt to szacunek","OK"))))
A20: 16 | B20: =D1_Rynek!B20 | E20: =IF(D20<>"",D20,IF(D1_Rynek!F20<>"",D1_Rynek!F20,IF(C20<>"",C20,""))) | F20: =IF(D20<>"","moja",IF(D1_Rynek!F20<>"","mediana Allegro",IF(C20<>"","agent (szac.)",""))) | J20: =IF(AND(H20<>"",I20<>""),H20+I20,IF(G20<>"",G20,"")) | K20: =IF(AND(H20<>"",I20<>""),"realny",IF(G20<>"","agent (szac.)","")) | P20: =IF(E20="","",E20*Zalozenia!$B$5+Zalozenia!$B$6) | Q20: =IF(E20="","",E20*Zalozenia!$B$7) | R20: =IF(OR(E20="",J20=""),"",E20-J20-P20-Q20) | S20: =IF(OR(E20="",J20=""),"",J20/E20) | T20: =R20 | U20: =IF(N(R20)<=0,"",Zalozenia!$B$11*Zalozenia!$B$8/R20) | V20: =IF(N(R20)<=0,"",Zalozenia!$B$12*Zalozenia!$B$8/R20) | W20: =IF(N(E20)<=0,"",INT(Zalozenia!$B$14/E20)) | X20: =IF(R20="","",IF(R20<Zalozenia!$B$10,"ODRZUĆ: M < min",IF(S20>Zalozenia!$B$9,"ODRZUĆ: udział > próg",IF(K20="agent (szac.)","OK wstępnie — koszt to szacunek","OK"))))
A21: 17 | B21: =D1_Rynek!B21 | E21: =IF(D21<>"",D21,IF(D1_Rynek!F21<>"",D1_Rynek!F21,IF(C21<>"",C21,""))) | F21: =IF(D21<>"","moja",IF(D1_Rynek!F21<>"","mediana Allegro",IF(C21<>"","agent (szac.)",""))) | J21: =IF(AND(H21<>"",I21<>""),H21+I21,IF(G21<>"",G21,"")) | K21: =IF(AND(H21<>"",I21<>""),"realny",IF(G21<>"","agent (szac.)","")) | P21: =IF(E21="","",E21*Zalozenia!$B$5+Zalozenia!$B$6) | Q21: =IF(E21="","",E21*Zalozenia!$B$7) | R21: =IF(OR(E21="",J21=""),"",E21-J21-P21-Q21) | S21: =IF(OR(E21="",J21=""),"",J21/E21) | T21: =R21 | U21: =IF(N(R21)<=0,"",Zalozenia!$B$11*Zalozenia!$B$8/R21) | V21: =IF(N(R21)<=0,"",Zalozenia!$B$12*Zalozenia!$B$8/R21) | W21: =IF(N(E21)<=0,"",INT(Zalozenia!$B$14/E21)) | X21: =IF(R21="","",IF(R21<Zalozenia!$B$10,"ODRZUĆ: M < min",IF(S21>Zalozenia!$B$9,"ODRZUĆ: udział > próg",IF(K21="agent (szac.)","OK wstępnie — koszt to szacunek","OK"))))

Sheet D3_Punktacja
A1: Dzień 3 — punktacja (1–5) i kryteria eliminujące
A2: Kol. C–J: ocena uzgodniona. Kol. L–O: TAK = eliminuje. Wynik liczy się sam. Suma agenta tylko do porównania.
B3: Wagi → | C3: 2 | D3: 2 | E3: 2 | F3: 2 | G3: 1 | H3: 1 | I3: 1 | J3: 2
A4: # | B4: Kandydat | C4: Cena (×2) | D4: Marża (×2) | E4: Wow / wideo (×2) | F4: Dostawca (×2) | G4: Nasycenie (×1) | H4: Sezonowość (×1) | I4: Ryzyko zwrotów (×1) | J4: Zgodność z PL (×2) | K4: Wynik (maks. 65) | L4: Certyfikat nie do potwierdzenia | M4: Twierdzenia zdrowotne | N4: Kategoria wyłączona z VAT | O4: — | P4: Eliminacja (auto) | Q4: Status (auto) | R4: Suma agenta (stara) | S4: M (z D2) | T4: Główne ryzyko
A5: 1 | B5: =D1_Rynek!B5 | K5: =IF(COUNT(C5:J5)<8,"",SUMPRODUCT(C5:J5,$C$3:$J$3)) | P5: =IF(OR(L5="TAK",M5="TAK",N5="TAK"),"TAK — kryterium eliminujące",IF(AND(D5<>"",D5<3),"TAK — Marża < 3",IF(AND(J5<>"",J5<3),"TAK — Zgodność < 3","NIE"))) | Q5: =IF(LEFT(P5,3)="TAK","ODRZUCONY",IF(K5="","do oceny",IF(K5>=Zalozenia!$B$13,"SHORTLISTA","poniżej progu"))) | R5: 54 | S5: =D2_Ekonomika!R5 | T5: Klony w DE od lat; cena 140 zł trudna w PL; PKWiU ⚠️
A6: 2 | B6: =D1_Rynek!B6 | K6: =IF(COUNT(C6:J6)<8,"",SUMPRODUCT(C6:J6,$C$3:$J$3)) | P6: =IF(OR(L6="TAK",M6="TAK",N6="TAK"),"TAK — kryterium eliminujące",IF(AND(D6<>"",D6<3),"TAK — Marża < 3",IF(AND(J6<>"",J6<3),"TAK — Zgodność < 3","NIE"))) | Q6: =IF(LEFT(P6,3)="TAK","ODRZUCONY",IF(K6="","do oceny",IF(K6>=Zalozenia!$B$13,"SHORTLISTA","poniżej progu"))) | R6: 53 | S6: =D2_Ekonomika!R6 | T6: Zakaz reklamy alkoholu (poza piwem); palnik bez gazu; PKWiU palnika ⚠️
A7: 3 | B7: =D1_Rynek!B7 | K7: =IF(COUNT(C7:J7)<8,"",SUMPRODUCT(C7:J7,$C$3:$J$3)) | P7: =IF(OR(L7="TAK",M7="TAK",N7="TAK"),"TAK — kryterium eliminujące",IF(AND(D7<>"",D7<3),"TAK — Marża < 3",IF(AND(J7<>"",J7<3),"TAK — Zgodność < 3","NIE"))) | Q7: =IF(LEFT(P7,3)="TAK","ODRZUCONY",IF(K7="","do oceny",IF(K7>=Zalozenia!$B$13,"SHORTLISTA","poniżej progu"))) | R7: 51 | S7: =D2_Ekonomika!R7 | T7: Udział 38% > próg; ~2 kg; wgniecenia
A8: 4 | B8: =D1_Rynek!B8 | K8: =IF(COUNT(C8:J8)<8,"",SUMPRODUCT(C8:J8,$C$3:$J$3)) | P8: =IF(OR(L8="TAK",M8="TAK",N8="TAK"),"TAK — kryterium eliminujące",IF(AND(D8<>"",D8<3),"TAK — Marża < 3",IF(AND(J8<>"",J8<3),"TAK — Zgodność < 3","NIE"))) | Q8: =IF(LEFT(P8,3)="TAK","ODRZUCONY",IF(K8="","do oceny",IF(K8>=Zalozenia!$B$13,"SHORTLISTA","poniżej progu"))) | R8: 53 | S8: =D2_Ekonomika!R8 | T8: Druk w PL, nie dropshipping; rynek nasycony
A9: 5 | B9: =D1_Rynek!B9 | K9: =IF(COUNT(C9:J9)<8,"",SUMPRODUCT(C9:J9,$C$3:$J$3)) | P9: =IF(OR(L9="TAK",M9="TAK",N9="TAK"),"TAK — kryterium eliminujące",IF(AND(D9<>"",D9<3),"TAK — Marża < 3",IF(AND(J9<>"",J9<3),"TAK — Zgodność < 3","NIE"))) | Q9: =IF(LEFT(P9,3)="TAK","ODRZUCONY",IF(K9="","do oceny",IF(K9>=Zalozenia!$B$13,"SHORTLISTA","poniżej progu"))) | R9: 52 | S9: =D2_Ekonomika!R9 | T9: EN71/CE i oznaczenie 14+ od dostawcy ⚠️
A10: 6 | B10: =D1_Rynek!B10 | K10: =IF(COUNT(C10:J10)<8,"",SUMPRODUCT(C10:J10,$C$3:$J$3)) | P10: =IF(OR(L10="TAK",M10="TAK",N10="TAK"),"TAK — kryterium eliminujące",IF(AND(D10<>"",D10<3),"TAK — Marża < 3",IF(AND(J10<>"",J10<3),"TAK — Zgodność < 3","NIE"))) | Q10: =IF(LEFT(P10,3)="TAK","ODRZUCONY",IF(K10="","do oceny",IF(K10>=Zalozenia!$B$13,"SHORTLISTA","poniżej progu"))) | R10: 51 | S10: =D2_Ekonomika!R10 | T10: „Część pojazdu” w VAT? ⚠️
A11: 7 | B11: =D1_Rynek!B11 | K11: =IF(COUNT(C11:J11)<8,"",SUMPRODUCT(C11:J11,$C$3:$J$3)) | P11: =IF(OR(L11="TAK",M11="TAK",N11="TAK"),"TAK — kryterium eliminujące",IF(AND(D11<>"",D11<3),"TAK — Marża < 3",IF(AND(J11<>"",J11<3),"TAK — Zgodność < 3","NIE"))) | Q11: =IF(LEFT(P11,3)="TAK","ODRZUCONY",IF(K11="","do oceny",IF(K11>=Zalozenia!$B$13,"SHORTLISTA","poniżej progu"))) | R11: 54 | S11: =D2_Ekonomika!R11 | T11: Tania konkurencja od 40 zł
A12: 8 | B12: =D1_Rynek!B12 | K12: =IF(COUNT(C12:J12)<8,"",SUMPRODUCT(C12:J12,$C$3:$J$3)) | P12: =IF(OR(L12="TAK",M12="TAK",N12="TAK"),"TAK — kryterium eliminujące",IF(AND(D12<>"",D12<3),"TAK — Marża < 3",IF(AND(J12<>"",J12<3),"TAK — Zgodność < 3","NIE"))) | Q12: =IF(LEFT(P12,3)="TAK","ODRZUCONY",IF(K12="","do oceny",IF(K12>=Zalozenia!$B$13,"SHORTLISTA","poniżej progu"))) | R12: 51 | S12: =D2_Ekonomika!R12 | T12: Sezon X–II; niskie M
A13: 9 | B13: =D1_Rynek!B13 | K13: =IF(COUNT(C13:J13)<8,"",SUMPRODUCT(C13:J13,$C$3:$J$3)) | P13: =IF(OR(L13="TAK",M13="TAK",N13="TAK"),"TAK — kryterium eliminujące",IF(AND(D13<>"",D13<3),"TAK — Marża < 3",IF(AND(J13<>"",J13<3),"TAK — Zgodność < 3","NIE"))) | Q13: =IF(LEFT(P13,3)="TAK","ODRZUCONY",IF(K13="","do oceny",IF(K13>=Zalozenia!$B$13,"SHORTLISTA","poniżej progu"))) | R13: 52 | S13: =D2_Ekonomika!R13 | T13: „Część pojazdu” w VAT? ⚠️
A14: 10 | B14: =D1_Rynek!B14 | K14: =IF(COUNT(C14:J14)<8,"",SUMPRODUCT(C14:J14,$C$3:$J$3)) | P14: =IF(OR(L14="TAK",M14="TAK",N14="TAK"),"TAK — kryterium eliminujące",IF(AND(D14<>"",D14<3),"TAK — Marża < 3",IF(AND(J14<>"",J14<3),"TAK — Zgodność < 3","NIE"))) | Q14: =IF(LEFT(P14,3)="TAK","ODRZUCONY",IF(K14="","do oceny",IF(K14>=Zalozenia!$B$13,"SHORTLISTA","poniżej progu"))) | R14: 49 | S14: =D2_Ekonomika!R14 | T14: Rynek przyzwyczajony do niskich cen; szkło
A15: 11 | B15: =D1_Rynek!B15 | K15: =IF(COUNT(C15:J15)<8,"",SUMPRODUCT(C15:J15,$C$3:$J$3)) | P15: =IF(OR(L15="TAK",M15="TAK",N15="TAK"),"TAK — kryterium eliminujące",IF(AND(D15<>"",D15<3),"TAK — Marża < 3",IF(AND(J15<>"",J15<3),"TAK — Zgodność < 3","NIE"))) | Q15: =IF(LEFT(P15,3)="TAK","ODRZUCONY",IF(K15="","do oceny",IF(K15>=Zalozenia!$B$13,"SHORTLISTA","poniżej progu"))) | R15: 51 | S15: =D2_Ekonomika!R15 | T15: Niskie M przy 79 zł
A16: 12 | B16: =D1_Rynek!B16 | K16: =IF(COUNT(C16:J16)<8,"",SUMPRODUCT(C16:J16,$C$3:$J$3)) | P16: =IF(OR(L16="TAK",M16="TAK",N16="TAK"),"TAK — kryterium eliminujące",IF(AND(D16<>"",D16<3),"TAK — Marża < 3",IF(AND(J16<>"",J16<3),"TAK — Zgodność < 3","NIE"))) | Q16: =IF(LEFT(P16,3)="TAK","ODRZUCONY",IF(K16="","do oceny",IF(K16>=Zalozenia!$B$13,"SHORTLISTA","poniżej progu"))) | R16: 44 | S16: =D2_Ekonomika!R16 | T16: Poniżej progu 45 pkt
A17: 13 | B17: =D1_Rynek!B17 | K17: =IF(COUNT(C17:J17)<8,"",SUMPRODUCT(C17:J17,$C$3:$J$3)) | P17: =IF(OR(L17="TAK",M17="TAK",N17="TAK"),"TAK — kryterium eliminujące",IF(AND(D17<>"",D17<3),"TAK — Marża < 3",IF(AND(J17<>"",J17<3),"TAK — Zgodność < 3","NIE"))) | Q17: =IF(LEFT(P17,3)="TAK","ODRZUCONY",IF(K17="","do oceny",IF(K17>=Zalozenia!$B$13,"SHORTLISTA","poniżej progu"))) | S17: =D2_Ekonomika!R17
A18: 14 | B18: =D1_Rynek!B18 | K18: =IF(COUNT(C18:J18)<8,"",SUMPRODUCT(C18:J18,$C$3:$J$3)) | P18: =IF(OR(L18="TAK",M18="TAK",N18="TAK"),"TAK — kryterium eliminujące",IF(AND(D18<>"",D18<3),"TAK — Marża < 3",IF(AND(J18<>"",J18<3),"TAK — Zgodność < 3","NIE"))) | Q18: =IF(LEFT(P18,3)="TAK","ODRZUCONY",IF(K18="","do oceny",IF(K18>=Zalozenia!$B$13,"SHORTLISTA","poniżej progu"))) | S18: =D2_Ekonomika!R18
A19: 15 | B19: =D1_Rynek!B19 | K19: =IF(COUNT(C19:J19)<8,"",SUMPRODUCT(C19:J19,$C$3:$J$3)) | P19: =IF(OR(L19="TAK",M19="TAK",N19="TAK"),"TAK — kryterium eliminujące",IF(AND(D19<>"",D19<3),"TAK — Marża < 3",IF(AND(J19<>"",J19<3),"TAK — Zgodność < 3","NIE"))) | Q19: =IF(LEFT(P19,3)="TAK","ODRZUCONY",IF(K19="","do oceny",IF(K19>=Zalozenia!$B$13,"SHORTLISTA","poniżej progu"))) | S19: =D2_Ekonomika!R19
A20: 16 | B20: =D1_Rynek!B20 | K20: =IF(COUNT(C20:J20)<8,"",SUMPRODUCT(C20:J20,$C$3:$J$3)) | P20: =IF(OR(L20="TAK",M20="TAK",N20="TAK"),"TAK — kryterium eliminujące",IF(AND(D20<>"",D20<3),"TAK — Marża < 3",IF(AND(J20<>"",J20<3),"TAK — Zgodność < 3","NIE"))) | Q20: =IF(LEFT(P20,3)="TAK","ODRZUCONY",IF(K20="","do oceny",IF(K20>=Zalozenia!$B$13,"SHORTLISTA","poniżej progu"))) | S20: =D2_Ekonomika!R20
A21: 17 | B21: =D1_Rynek!B21 | K21: =IF(COUNT(C21:J21)<8,"",SUMPRODUCT(C21:J21,$C$3:$J$3)) | P21: =IF(OR(L21="TAK",M21="TAK",N21="TAK"),"TAK — kryterium eliminujące",IF(AND(D21<>"",D21<3),"TAK — Marża < 3",IF(AND(J21<>"",J21<3),"TAK — Zgodność < 3","NIE"))) | Q21: =IF(LEFT(P21,3)="TAK","ODRZUCONY",IF(K21="","do oceny",IF(K21>=Zalozenia!$B$13,"SHORTLISTA","poniżej progu"))) | S21: =D2_Ekonomika!R21

Sheet Filtr_Wlasne
A1: Filtr własnych pomysłów (przed researchem)
A2: Pozycje #13–17 zasilają pozostałe arkusze. Jedno „N” = odpada.
A4: # | B4: Pomysł | C4: Bez prądu i baterii? | D4: Nie kosmetyk / nie część auta / nie urządzenie AGD? | E4: Nie zabawka < 14 lat? | F4: Bez twierdzeń zdrowotnych? | G4: Cena 60–250 zł realna? | H4: Przechodzi? (auto)
A17: 13 | H17: =IF(B17="","",IF(COUNTIF(C17:G17,"N")>0,"ODPADA",IF(COUNTIF(C17:G17,"T")=5,"PRZECHODZI","uzupełnij")))
A18: 14 | H18: =IF(B18="","",IF(COUNTIF(C18:G18,"N")>0,"ODPADA",IF(COUNTIF(C18:G18,"T")=5,"PRZECHODZI","uzupełnij")))
A19: 15 | H19: =IF(B19="","",IF(COUNTIF(C19:G19,"N")>0,"ODPADA",IF(COUNTIF(C19:G19,"T")=5,"PRZECHODZI","uzupełnij")))
A20: 16 | H20: =IF(B20="","",IF(COUNTIF(C20:G20,"N")>0,"ODPADA",IF(COUNTIF(C20:G20,"T")=5,"PRZECHODZI","uzupełnij")))
A21: 17 | H21: =IF(B21="","",IF(COUNTIF(C21:G21,"N")>0,"ODPADA",IF(COUNTIF(C21:G21,"T")=5,"PRZECHODZI","uzupełnij")))
B23: Kategorie graniczne (kuchnia, dom, auto): ⚠️ PKWiU do weryfikacji z księgową.
